{
    "sell_threshold": 0.0000001035,
    "buy_threshold":  0.000000100
}